{
  "IcoMoonType": "selection",
  "icons": [
    {
      "icon": {
        "paths": [
          "M296.96 624.64v-317.44h-194.56c-56.32 0-102.4 46.080-102.4 102.4v307.2c0 56.32 46.080 102.4 102.4 102.4h51.2v153.6l153.6-153.6h256c56.32 0 102.4-46.080 102.4-102.4v-93.184c-3.277 0.717-6.758 1.075-10.24 1.075l-358.4-0.051zM921.6 51.2h-460.8c-56.32 0-102.4 46.080-102.4 102.4v409.6h358.4l153.6 153.6v-153.6h51.2c56.32 0 102.4-46.029 102.4-102.4v-307.2c0-56.32-46.080-102.4-102.4-102.4z"
        ],
        "attrs": [],
        "isMulticolor": false,
        "isMulticolor2": false,
        "tags": [
          "chat"
        ],
        "grid": 20
      },
      "attrs": [],
      "properties": {
        "id": 125,
        "order": 16,
        "prevSize": 20,
        "name": "chat"
      },
      "setIdx": 0,
      "setId": 2,
      "iconIdx": 124
    },
    {
      "icon": {
        "paths": [
          "M704 640c-64 64-64 128-128 128s-128-64-192-128-128-128-128-192 64-64 128-128-128-256-192-256-192 192-192 192c0 128 131.5 387.5 256 512s384 256 512 256c0 0 192-128 192-192s-192-256-256-192z"
        ],
        "tags": [
          "phone",
          "telephone",
          "contact",
          "support",
          "call"
        ],
        "defaultCode": 59714,
        "grid": 16,
        "attrs": []
      },
      "attrs": [],
      "properties": {
        "ligatures": "phone, telephone",
        "name": "phone",
        "order": 14,
        "id": 67,
        "prevSize": 32
      },
      "setIdx": 1,
      "setId": 1,
      "iconIdx": 66
    },
    {
      "icon": {
        "paths": [
          "M512 128c-247.424 0-448 200.576-448 448s200.576 448 448 448 448-200.576 448-448-200.576-448-448-448zM512 936c-198.824 0-360-161.178-360-360 0-198.824 161.176-360 360-360 198.822 0 360 161.176 360 360 0 198.822-161.178 360-360 360zM934.784 287.174c16.042-28.052 25.216-60.542 25.216-95.174 0-106.040-85.96-192-192-192-61.818 0-116.802 29.222-151.92 74.596 131.884 27.236 245.206 105.198 318.704 212.578v0zM407.92 74.596c-35.116-45.374-90.102-74.596-151.92-74.596-106.040 0-192 85.96-192 192 0 34.632 9.174 67.122 25.216 95.174 73.5-107.38 186.822-185.342 318.704-212.578z",
          "M512 576v-256h-64v320h256v-64z"
        ],
        "tags": [
          "alarm",
          "time",
          "clock"
        ],
        "defaultCode": 59728,
        "grid": 16,
        "attrs": []
      },
      "attrs": [],
      "properties": {
        "ligatures": "alarm, time4",
        "name": "alarm",
        "order": 15,
        "id": 81,
        "prevSize": 32
      },
      "setIdx": 1,
      "setId": 1,
      "iconIdx": 80
    }
  ],
  "height": 1024,
  "preferences": {
    "showGlyphs": true,
    "showQuickUse": true,
    "showQuickUse2": true,
    "showSVGs": true,
    "fontPref": {
      "prefix": "icon-",
      "metadata": {
        "fontFamily": "icomoon"
      },
      "metrics": {
        "emSize": 1024,
        "baseline": 6.25,
        "whitespace": 50
      },
      "embed": false
    },
    "imagePref": {
      "prefix": "icon-",
      "png": false,
      "useClassSelector": true,
      "color": 0,
      "bgColor": 16777215,
      "classSelector": ".icon",
      "name": "icomoon",
      "height": 32,
      "columns": 16,
      "margin": 16,
      "addBgColor": false
    },
    "historySize": 50,
    "showCodes": true,
    "gridSize": 16
  }
}